-- =====================================================
-- TBCMS Synthetic Data Generation - Geographic and Administrative D('09001', 'Fake Llandrindod Wells', 'Fake Powys', 'Fake Cardiff Office', 'Fake Wales Central', 'Fake Wales', 'Wales', 2, 2, 7, 'FS037', 'FS038', 'FS039', 'FS040', 'FS041', 'FS042'),
('09002', 'Fake Builth Wells', 'Fake Powys', 'Fake Cardiff Office', 'Fake Wales Central', 'Fake Wales', 'Wales', 1, 1, 7, 'FS037', 'FS038', 'FS039', 'FS040', 'FS041', 'FS042'),  
-- =====================================================
-- This script creates synthetic geographic and administrative data
-- All names and addresses include 'fake' as requested
-- Data is inserted in dependency order to satisfy foreign key constraints

-- 1. County data (depends on office_t and region_t from 01_reference_data.sql)
INSERT INTO county_t (id, c_num, county, office, region, country) VALUES
(1, '01', 'Fake Warwickshire', 'Fake Birmingham Office', 'Fake Midlands', 'Fake England'),
(2, '02', 'Fake Staffordshire', 'Fake Birmingham Office', 'Fake Midlands', 'Fake England'),
(3, '03', 'Fake Greater Manchester', 'Fake Manchester Office', 'Fake North', 'Fake England'),
(4, '04', 'Fake Yorkshire', 'Fake Manchester Office', 'Fake North', 'Fake England'),
(5, '05', 'Fake Kent', 'Fake London Office', 'Fake South East', 'Fake England'),
(6, '06', 'Fake Surrey', 'Fake London Office', 'Fake South East', 'Fake England'),
(7, '07', 'Fake Powys', 'Fake Cardiff Office', 'Fake Wales Central', 'Fake Wales'),
(8, '08', 'Fake Gwynedd', 'Fake Cardiff Office', 'Fake Wales Central', 'Fake Wales'),
(9, '09', 'Fake Highland', 'Fake Edinburgh Office', 'Fake Scotland North', 'Fake Scotland'),
(10, '10', 'Fake Dumfries & Galloway', 'Fake Edinburgh Office', 'Fake Scotland North', 'Fake Scotland');

-- 2. Administrative staff (depends on office_t, region_t, permission_t)
INSERT INTO admin_t (staff_no, first_name, pref_first_name, last_name, office, region, email, permission, comments) VALUES
('FS001', 'Fake John', 'John', 'Fake Smith', 'Fake Birmingham Office', 'Fake Midlands', 'fake.john.smith@example.com', 3, 'Fake VO for Warwickshire'),
('FS002', 'Fake Sarah', 'Sarah', 'Fake Jones', 'Fake Birmingham Office', 'Fake Midlands', 'fake.sarah.jones@example.com', 2, 'Fake Deputy VO for Warwickshire'),
('FS003', 'Fake Michael', 'Mike', 'Fake Brown', 'Fake Birmingham Office', 'Fake Midlands', 'fake.michael.brown@example.com', 2, 'Fake AHO for Warwickshire'),
('FS004', 'Fake Emma', 'Emma', 'Fake Wilson', 'Fake Birmingham Office', 'Fake Midlands', 'fake.emma.wilson@example.com', 1, 'Fake Deputy AHO for Warwickshire'),
('FS005', 'Fake David', 'Dave', 'Fake Taylor', 'Fake Birmingham Office', 'Fake Midlands', 'fake.david.taylor@example.com', 1, 'Fake AO for Warwickshire'),
('FS006', 'Fake Lisa', 'Lisa', 'Fake White', 'Fake Birmingham Office', 'Fake Midlands', 'fake.lisa.white@example.com', 1, 'Fake Deputy AO for Warwickshire'),
('FS007', 'Fake James', 'Jim', 'Fake Green', 'Fake Birmingham Office', 'Fake Midlands', 'fake.james.green@example.com', 3, 'Fake VO for Staffordshire'),
('FS008', 'Fake Helen', 'Helen', 'Fake Adams', 'Fake Birmingham Office', 'Fake Midlands', 'fake.helen.adams@example.com', 2, 'Fake Deputy VO for Staffordshire'),
('FS009', 'Fake Robert', 'Bob', 'Fake Clark', 'Fake Birmingham Office', 'Fake Midlands', 'fake.robert.clark@example.com', 2, 'Fake AHO for Staffordshire'),
('FS010', 'Fake Claire', 'Claire', 'Fake Lewis', 'Fake Birmingham Office', 'Fake Midlands', 'fake.claire.lewis@example.com', 1, 'Fake Deputy AHO for Staffordshire'),
('FS011', 'Fake Paul', 'Paul', 'Fake Walker', 'Fake Birmingham Office', 'Fake Midlands', 'fake.paul.walker@example.com', 1, 'Fake AO for Staffordshire'),
('FS012', 'Fake Karen', 'Karen', 'Fake Hall', 'Fake Birmingham Office', 'Fake Midlands', 'fake.karen.hall@example.com', 1, 'Fake Deputy AO for Staffordshire'),
('FS013', 'Fake Mark', 'Mark', 'Fake Young', 'Fake Manchester Office', 'Fake North', 'fake.mark.young@example.com', 3, 'Fake VO for Greater Manchester'),
('FS014', 'Fake Rachel', 'Rachel', 'Fake King', 'Fake Manchester Office', 'Fake North', 'fake.rachel.king@example.com', 2, 'Fake Deputy VO for Greater Manchester'),
('FS015', 'Fake Simon', 'Simon', 'Fake Wright', 'Fake Manchester Office', 'Fake North', 'fake.simon.wright@example.com', 2, 'Fake AHO for Greater Manchester'),
('FS016', 'Fake Laura', 'Laura', 'Fake Scott', 'Fake Manchester Office', 'Fake North', 'fake.laura.scott@example.com', 1, 'Fake Deputy AHO for Greater Manchester'),
('FS017', 'Fake Andrew', 'Andy', 'Fake Green', 'Fake Manchester Office', 'Fake North', 'fake.andrew.green@example.com', 1, 'Fake AO for Greater Manchester'),
('FS018', 'Fake Michelle', 'Michelle', 'Fake Baker', 'Fake Manchester Office', 'Fake North', 'fake.michelle.baker@example.com', 1, 'Fake Deputy AO for Greater Manchester'),
('FS019', 'Fake Kevin', 'Kev', 'Fake Hill', 'Fake Manchester Office', 'Fake North', 'fake.kevin.hill@example.com', 3, 'Fake VO for Yorkshire'),
('FS020', 'Fake Susan', 'Sue', 'Fake Cook', 'Fake Manchester Office', 'Fake North', 'fake.susan.cook@example.com', 2, 'Fake Deputy VO for Yorkshire'),
('FS021', 'Fake Richard', 'Rich', 'Fake Evans', 'Fake Manchester Office', 'Fake North', 'fake.richard.evans@example.com', 2, 'Fake AHO for Yorkshire'),
('FS022', 'Fake Diane', 'Di', 'Fake Morris', 'Fake Manchester Office', 'Fake North', 'fake.diane.morris@example.com', 1, 'Fake Deputy AHO for Yorkshire'),
('FS023', 'Fake Chris', 'Chris', 'Fake Rogers', 'Fake Manchester Office', 'Fake North', 'fake.chris.rogers@example.com', 1, 'Fake AO for Yorkshire'),
('FS024', 'Fake Carol', 'Carol', 'Fake Reed', 'Fake Manchester Office', 'Fake North', 'fake.carol.reed@example.com', 1, 'Fake Deputy AO for Yorkshire'),
('FS025', 'Fake Daniel', 'Dan', 'Fake Cooper', 'Fake London Office', 'Fake South East', 'fake.daniel.cooper@example.com', 3, 'Fake VO for Kent'),
('FS026', 'Fake Julie', 'Julie', 'Fake Bailey', 'Fake London Office', 'Fake South East', 'fake.julie.bailey@example.com', 2, 'Fake Deputy VO for Kent'),
('FS027', 'Fake Gary', 'Gary', 'Fake Ward', 'Fake London Office', 'Fake South East', 'fake.gary.ward@example.com', 2, 'Fake AHO for Kent'),
('FS028', 'Fake Angela', 'Angie', 'Fake Turner', 'Fake London Office', 'Fake South East', 'fake.angela.turner@example.com', 1, 'Fake Deputy AHO for Kent'),
('FS029', 'Fake Peter', 'Pete', 'Fake Phillips', 'Fake London Office', 'Fake South East', 'fake.peter.phillips@example.com', 1, 'Fake AO for Kent'),
('FS030', 'Fake Sharon', 'Sharon', 'Fake Campbell', 'Fake London Office', 'Fake South East', 'fake.sharon.campbell@example.com', 1, 'Fake Deputy AO for Kent'),
('FS031', 'Fake Steve', 'Steve', 'Fake Parker', 'Fake London Office', 'Fake South East', 'fake.steve.parker@example.com', 3, 'Fake VO for Surrey'),
('FS032', 'Fake Deborah', 'Debbie', 'Fake Evans', 'Fake London Office', 'Fake South East', 'fake.deborah.evans@example.com', 2, 'Fake Deputy VO for Surrey'),
('FS033', 'Fake Tony', 'Tony', 'Fake Edwards', 'Fake London Office', 'Fake South East', 'fake.tony.edwards@example.com', 2, 'Fake AHO for Surrey'),
('FS034', 'Fake Samantha', 'Sam', 'Fake Collins', 'Fake London Office', 'Fake South East', 'fake.samantha.collins@example.com', 1, 'Fake Deputy AHO for Surrey'),
('FS035', 'Fake Martin', 'Martin', 'Fake Stewart', 'Fake London Office', 'Fake South East', 'fake.martin.stewart@example.com', 1, 'Fake AO for Surrey'),
('FS036', 'Fake Patricia', 'Pat', 'Fake Sanchez', 'Fake London Office', 'Fake South East', 'fake.patricia.sanchez@example.com', 1, 'Fake Deputy AO for Surrey'),
('FS037', 'Fake Brian', 'Brian', 'Fake Morris', 'Fake Cardiff Office', 'Fake Wales Central', 'fake.brian.morris@example.com', 3, 'Fake VO for Powys'),
('FS038', 'Fake Linda', 'Linda', 'Fake Rogers', 'Fake Cardiff Office', 'Fake Wales Central', 'fake.linda.rogers@example.com', 2, 'Fake Deputy VO for Powys'),
('FS039', 'Fake Alan', 'Alan', 'Fake Reed', 'Fake Cardiff Office', 'Fake Wales Central', 'fake.alan.reed@example.com', 2, 'Fake AHO for Powys'),
('FS040', 'Fake Catherine', 'Cath', 'Fake Cook', 'Fake Cardiff Office', 'Fake Wales Central', 'fake.catherine.cook@example.com', 1, 'Fake Deputy AHO for Powys'),
('FS041', 'Fake Glen', 'Glen', 'Fake Bailey', 'Fake Cardiff Office', 'Fake Wales Central', 'fake.glen.bailey@example.com', 1, 'Fake AO for Powys'),
('FS042', 'Fake Jane', 'Jane', 'Fake Rivera', 'Fake Cardiff Office', 'Fake Wales Central', 'fake.jane.rivera@example.com', 1, 'Fake Deputy AO for Powys');

-- 3. County Parish Parts (depends on region_t)
INSERT INTO county_parish_part_t (parish_list_parts, region, comment) VALUES
('Fake Midlands Part A', 'Fake Midlands', 'Fake Central Midlands area'),
('Fake Midlands Part B', 'Fake Midlands', 'Fake Northern Midlands area'),
('Fake North Part A', 'Fake North', 'Fake Eastern North area'),
('Fake North Part B', 'Fake North', 'Fake Western North area'),
('Fake South East Part A', 'Fake South East', 'Fake London area'),
('Fake South East Part B', 'Fake South East', 'Fake Kent area'),
('Fake Wales Part A', 'Fake Wales Central', 'Fake North Wales area'),
('Fake Wales Part B', 'Fake Wales Central', 'Fake South Wales area'),
('Fake Scotland Part A', 'Fake Scotland North', 'Fake Highland area'),
('Fake Scotland Part B', 'Fake Scotland North', 'Fake Lowland area');

-- 4. County Parish administrative areas (depends on county_t, office_t, region_t, super_region_t, incidence, look_up, part_id, admin_t)
INSERT INTO county_parish_t (county_parish, parish, county, office, region, super_region, country, incidence, look_up, part_id, vo, dep_vo, aho, dep_aho, ao, dep_ao) VALUES
('01001', 'Fake Alcester', 'Fake Warwickshire', 'Fake Birmingham Office', 'Fake Midlands', 'Fake England', 'England', 1, 1, 1, 'FS001', 'FS002', 'FS003', 'FS004', 'FS005', 'FS006'),
('01002', 'Fake Atherstone', 'Fake Warwickshire', 'Fake Birmingham Office', 'Fake Midlands', 'Fake England', 'England', 2, 2, 1, 'FS001', 'FS002', 'FS003', 'FS004', 'FS005', 'FS006'),
('02001', 'Fake Burton', 'Fake Staffordshire', 'Fake Birmingham Office', 'Fake Midlands', 'Fake England', 'England', 2, 2, 2, 'FS007', 'FS008', 'FS009', 'FS010', 'FS011', 'FS012'),
('02002', 'Fake Cannock', 'Fake Staffordshire', 'Fake Birmingham Office', 'Fake Midlands', 'Fake England', 'England', 1, 1, 2, 'FS007', 'FS008', 'FS009', 'FS010', 'FS011', 'FS012'),
('03001', 'Fake Bolton', 'Fake Greater Manchester', 'Fake Manchester Office', 'Fake North', 'Fake England', 'England', 3, 3, 3, 'FS013', 'FS014', 'FS015', 'FS016', 'FS017', 'FS018'),
('03002', 'Fake Bury', 'Fake Greater Manchester', 'Fake Manchester Office', 'Fake North', 'Fake England', 'England', 3, 3, 3, 'FS013', 'FS014', 'FS015', 'FS016', 'FS017', 'FS018'),
('04001', 'Fake Barnsley', 'Fake Yorkshire', 'Fake Manchester Office', 'Fake North', 'Fake England', 'England', 2, 2, 4, 'FS019', 'FS020', 'FS021', 'FS022', 'FS023', 'FS024'),
('04002', 'Fake Bradford', 'Fake Yorkshire', 'Fake Manchester Office', 'Fake North', 'Fake England', 'England', 2, 2, 4, 'FS019', 'FS020', 'FS021', 'FS022', 'FS023', 'FS024'),
('05001', 'Fake Canterbury', 'Fake Kent', 'Fake London Office', 'Fake South East', 'Fake England', 'England', 4, 4, 5, 'FS025', 'FS026', 'FS027', 'FS028', 'FS029', 'FS030'),
('05002', 'Fake Dover', 'Fake Kent', 'Fake London Office', 'Fake South East', 'Fake England', 'England', 4, 4, 5, 'FS025', 'FS026', 'FS027', 'FS028', 'FS029', 'FS030'),
('06001', 'Fake Epsom', 'Fake Surrey', 'Fake London Office', 'Fake South East', 'Fake England', 'England', 4, 4, 6, 'FS031', 'FS032', 'FS033', 'FS034', 'FS035', 'FS036'),
('06002', 'Fake Guildford', 'Fake Surrey', 'Fake London Office', 'Fake South East', 'Fake England', 'England', 4, 4, 6, 'FS031', 'FS032', 'FS033', 'FS034', 'FS035', 'FS036'),
('07001', 'Fake Brecon', 'Fake Powys', 'Fake Cardiff Office', 'Fake Wales Central', 'Fake Wales', 'Wales', 1, 1, 7, 'FS037', 'FS038', 'FS039', 'FS040', 'FS041', 'FS042'),
('07002', 'Fake Builth Wells', 'Fake Powys', 'Fake Cardiff Office', 'Fake Wales Central', 'Fake Wales', 'Wales', 2, 2, 7, 'FS037', 'FS038', 'FS039', 'FS040', 'FS041', 'FS042'),
('08001', 'Fake Bangor', 'Fake Gwynedd', 'Fake Cardiff Office', 'Fake Wales Central', 'Fake Wales', 'Wales', 2, 2, 8, 'FS037', 'FS038', 'FS039', 'FS040', 'FS041', 'FS042'),
('08002', 'Fake Caernarfon', 'Fake Gwynedd', 'Fake Cardiff Office', 'Fake Wales Central', 'Fake Wales', 'Wales', 1, 1, 8, 'FS037', 'FS038', 'FS039', 'FS040', 'FS041', 'FS042');

-- 3. County Parish Parts (depends on region_t)
INSERT INTO county_parish_part_t (parish_list_parts, region, comment) VALUES
('Fake Midlands Part A', 'Fake Midlands', 'Fake Central Midlands area'),
('Fake Midlands Part B', 'Fake Midlands', 'Fake Northern Midlands area'),
('Fake North Part A', 'Fake North', 'Fake Eastern North area'),
('Fake North Part B', 'Fake North', 'Fake Western North area'),
('Fake South East Part A', 'Fake South East', 'Fake London area'),
('Fake South East Part B', 'Fake South East', 'Fake Kent area'),
('Fake Wales Part A', 'Fake Wales Central', 'Fake North Wales area'),
('Fake Wales Part B', 'Fake Wales Central', 'Fake South Wales area'),
('Fake Scotland Part A', 'Fake Scotland North', 'Fake Highland area'),
('Fake Scotland Part B', 'Fake Scotland North', 'Fake Lowland area');

-- 4. County Parish administrative areas (depends on county_t, office_t, region_t, super_region_t, incidence, look_up, part_id, admin_t)
INSERT INTO county_parish_t (county_parish, parish, county, office, region, super_region, country, incidence, look_up, part_id, vo, dep_vo, aho, dep_aho, ao, dep_ao) VALUES
('01001', 'Fake Alcester', 'Fake Warwickshire', 'Fake Birmingham Office', 'Fake Midlands', 'Fake England', 'England', 1, 1, 1, 'FS001', 'FS002', 'FS003', 'FS004', 'FS005', 'FS006'),
('01002', 'Fake Atherstone', 'Fake Warwickshire', 'Fake Birmingham Office', 'Fake Midlands', 'Fake England', 'England', 2, 2, 1, 'FS001', 'FS002', 'FS003', 'FS004', 'FS005', 'FS006'),
('01003', 'Fake Bedworth', 'Fake Warwickshire', 'Fake Birmingham Office', 'Fake Midlands', 'Fake England', 'England', 1, 1, 1, 'FS001', 'FS002', 'FS003', 'FS004', 'FS005', 'FS006'),
('02001', 'Fake Burton', 'Fake Staffordshire', 'Fake Birmingham Office', 'Fake Midlands', 'Fake England', 'England', 2, 2, 2, 'FS007', 'FS008', 'FS009', 'FS010', 'FS011', 'FS012'),
('02002', 'Fake Cannock', 'Fake Staffordshire', 'Fake Birmingham Office', 'Fake Midlands', 'Fake England', 'England', 1, 1, 2, 'FS007', 'FS008', 'FS009', 'FS010', 'FS011', 'FS012'),
('03001', 'Fake Bolton', 'Fake Greater Manchester', 'Fake Manchester Office', 'Fake North', 'Fake England', 'England', 3, 3, 3, 'FS013', 'FS014', 'FS015', 'FS016', 'FS017', 'FS018'),
('03002', 'Fake Bury', 'Fake Greater Manchester', 'Fake Manchester Office', 'Fake North', 'Fake England', 'England', 3, 3, 3, 'FS013', 'FS014', 'FS015', 'FS016', 'FS017', 'FS018'),
('04001', 'Fake Barnsley', 'Fake Yorkshire', 'Fake Manchester Office', 'Fake North', 'Fake England', 'England', 2, 2, 4, 'FS019', 'FS020', 'FS021', 'FS022', 'FS023', 'FS024'),
('04002', 'Fake Bradford', 'Fake Yorkshire', 'Fake Manchester Office', 'Fake North', 'Fake England', 'England', 2, 2, 4, 'FS019', 'FS020', 'FS021', 'FS022', 'FS023', 'FS024'),
('05001', 'Fake Canterbury', 'Fake Kent', 'Fake London Office', 'Fake South East', 'Fake England', 'England', 4, 4, 5, 'FS025', 'FS026', 'FS027', 'FS028', 'FS029', 'FS030'),
('05002', 'Fake Dover', 'Fake Kent', 'Fake London Office', 'Fake South East', 'Fake England', 'England', 4, 4, 5, 'FS025', 'FS026', 'FS027', 'FS028', 'FS029', 'FS030'),
('06001', 'Fake Epsom', 'Fake Surrey', 'Fake London Office', 'Fake South East', 'Fake England', 'England', 4, 4, 6, 'FS031', 'FS032', 'FS033', 'FS034', 'FS035', 'FS036'),
('06002', 'Fake Guildford', 'Fake Surrey', 'Fake London Office', 'Fake South East', 'Fake England', 'England', 4, 4, 6, 'FS031', 'FS032', 'FS033', 'FS034', 'FS035', 'FS036'),
('09001', 'Fake Brecon', 'Fake Powys', 'Fake Cardiff Office', 'Fake Wales Central', 'Fake Wales', 'Wales', 1, 1, 7, 'FS037', 'FS038', 'FS039', 'FS040', 'FS041', 'FS042'),
('09002', 'Fake Builth Wells', 'Fake Powys', 'Fake Cardiff Office', 'Fake Wales Central', 'Fake Wales', 'Wales', 2, 2, 7, 'FS037', 'FS038', 'FS039', 'FS040', 'FS041', 'FS042');
('09002', 'Fake Builth Wells', 'Fake Powys', 'Fake Cardiff Office', 'Fake Wales Central', 'Fake Wales', 'Wales', 1, 1, 7, 'FS037', 'FS038', 'FS039', 'FS040', 'FS041', 'FS042'),
('10001', 'Fake Bangor', 'Fake Gwynedd', 'Fake Cardiff Office', 'Fake Wales Central', 'Fake Wales', 'Wales', 2, 2, 8, 'FS043', 'FS044', 'FS045', 'FS046', 'FS047', 'FS048'),
('10002', 'Fake Caernarfon', 'Fake Gwynedd', 'Fake Cardiff Office', 'Fake Wales Central', 'Fake Wales', 'Wales', 2, 2, 8, 'FS043', 'FS044', 'FS045', 'FS046', 'FS047', 'FS048'),
('11001', 'Fake Inverness', 'Fake Highland', 'Fake Edinburgh Office', 'Fake Scotland North', 'Fake Scotland', 'Scotland', 3, 3, 9, 'FS049', 'FS050', 'FS051', 'FS052', 'FS053', 'FS054'),
('11002', 'Fake Fort William', 'Fake Highland', 'Fake Edinburgh Office', 'Fake Scotland North', 'Fake Scotland', 'Scotland', 3, 3, 9, 'FS049', 'FS050', 'FS051', 'FS052', 'FS053', 'FS054'),
('12001', 'Fake Dumfries', 'Fake Dumfries & Galloway', 'Fake Edinburgh Office', 'Fake Scotland North', 'Fake Scotland', 'Scotland', 2, 2, 10, 'FS055', 'FS056', 'FS057', 'FS058', 'FS059', 'FS060'),
('12002', 'Fake Stranraer', 'Fake Dumfries & Galloway', 'Fake Edinburgh Office', 'Fake Scotland North', 'Fake Scotland', 'Scotland', 2, 2, 10, 'FS055', 'FS056', 'FS057', 'FS058', 'FS059', 'FS060');

-- Staff data for Field Staff
INSERT INTO field_staff_t (staff_no, first_name, pref_first_name, last_name, field_post, region, email, permission, data_protection_date) VALUES
('FS001', 'Fake John', 'John', 'Fake Smith', 1, 'Fake Midlands', 'fake.john.smith@example.com', 3, CURRENT_TIMESTAMP),
('FS002', 'Fake Sarah', 'Sarah', 'Fake Jones', 2, 'Fake Midlands', 'fake.sarah.jones@example.com', 2, CURRENT_TIMESTAMP),
('FS003', 'Fake Michael', 'Mike', 'Fake Brown', 3, 'Fake Midlands', 'fake.mike.brown@example.com', 4, CURRENT_TIMESTAMP),
('FS004', 'Fake Emma', 'Emma', 'Fake Wilson', 2, 'Fake Midlands', 'fake.emma.wilson@example.com', 2, CURRENT_TIMESTAMP),
('FS005', 'Fake David', 'Dave', 'Fake Taylor', 4, 'Fake Midlands', 'fake.dave.taylor@example.com', 5, CURRENT_TIMESTAMP),
('FS006', 'Fake Lisa', 'Lisa', 'Fake Davies', 2, 'Fake Midlands', 'fake.lisa.davies@example.com', 2, CURRENT_TIMESTAMP),
('FS007', 'Fake James', 'Jim', 'Fake Evans', 1, 'Fake Midlands', 'fake.jim.evans@example.com', 3, CURRENT_TIMESTAMP),
('FS008', 'Fake Rachel', 'Rachel', 'Fake Thomas', 2, 'Fake Midlands', 'fake.rachel.thomas@example.com', 2, CURRENT_TIMESTAMP),
('FS009', 'Fake Robert', 'Bob', 'Fake Roberts', 3, 'Fake Midlands', 'fake.bob.roberts@example.com', 4, CURRENT_TIMESTAMP),
('FS010', 'Fake Helen', 'Helen', 'Fake Johnson', 2, 'Fake Midlands', 'fake.helen.johnson@example.com', 2, CURRENT_TIMESTAMP),
('FS011', 'Fake Mark', 'Mark', 'Fake Williams', 4, 'Fake Midlands', 'fake.mark.williams@example.com', 5, CURRENT_TIMESTAMP),
('FS012', 'Fake Karen', 'Karen', 'Fake Jackson', 2, 'Fake Midlands', 'fake.karen.jackson@example.com', 2, CURRENT_TIMESTAMP),
('FS013', 'Fake Paul', 'Paul', 'Fake White', 1, 'Fake North', 'fake.paul.white@example.com', 3, CURRENT_TIMESTAMP),
('FS014', 'Fake Susan', 'Sue', 'Fake Harris', 2, 'Fake North', 'fake.sue.harris@example.com', 2, CURRENT_TIMESTAMP),
('FS015', 'Fake Andrew', 'Andy', 'Fake Martin', 3, 'Fake North', 'fake.andy.martin@example.com', 4, CURRENT_TIMESTAMP),
('FS016', 'Fake Julie', 'Julie', 'Fake Thompson', 2, 'Fake North', 'fake.julie.thompson@example.com', 2, CURRENT_TIMESTAMP),
('FS017', 'Fake Christopher', 'Chris', 'Fake Garcia', 4, 'Fake North', 'fake.chris.garcia@example.com', 5, CURRENT_TIMESTAMP),
('FS018', 'Fake Michelle', 'Michelle', 'Fake Martinez', 2, 'Fake North', 'fake.michelle.martinez@example.com', 2, CURRENT_TIMESTAMP),
('FS019', 'Fake Daniel', 'Dan', 'Fake Robinson', 1, 'Fake North', 'fake.dan.robinson@example.com', 3, CURRENT_TIMESTAMP),
('FS020', 'Fake Rebecca', 'Becky', 'Fake Clark', 2, 'Fake North', 'fake.becky.clark@example.com', 2, CURRENT_TIMESTAMP),
('FS021', 'Fake Matthew', 'Matt', 'Fake Rodriguez', 3, 'Fake North', 'fake.matt.rodriguez@example.com', 4, CURRENT_TIMESTAMP),
('FS022', 'Fake Jennifer', 'Jen', 'Fake Lewis', 2, 'Fake North', 'fake.jen.lewis@example.com', 2, CURRENT_TIMESTAMP),
('FS023', 'Fake Anthony', 'Tony', 'Fake Lee', 4, 'Fake North', 'fake.tony.lee@example.com', 5, CURRENT_TIMESTAMP),
('FS024', 'Fake Nancy', 'Nancy', 'Fake Walker', 2, 'Fake North', 'fake.nancy.walker@example.com', 2, CURRENT_TIMESTAMP),
('FS025', 'Fake Joseph', 'Joe', 'Fake Hall', 1, 'Fake South East', 'fake.joe.hall@example.com', 3, CURRENT_TIMESTAMP),
('FS026', 'Fake Sandra', 'Sandy', 'Fake Allen', 2, 'Fake South East', 'fake.sandy.allen@example.com', 2, CURRENT_TIMESTAMP),
('FS027', 'Fake Joshua', 'Josh', 'Fake Young', 3, 'Fake South East', 'fake.josh.young@example.com', 4, CURRENT_TIMESTAMP),
('FS028', 'Fake Donna', 'Donna', 'Fake Hernandez', 2, 'Fake South East', 'fake.donna.hernandez@example.com', 2, CURRENT_TIMESTAMP),
('FS029', 'Fake Kenneth', 'Ken', 'Fake King', 4, 'Fake South East', 'fake.ken.king@example.com', 5, CURRENT_TIMESTAMP),
('FS030', 'Fake Carol', 'Carol', 'Fake Wright', 2, 'Fake South East', 'fake.carol.wright@example.com', 2, CURRENT_TIMESTAMP),
('FS031', 'Fake Kevin', 'Kev', 'Fake Lopez', 1, 'Fake South East', 'fake.kev.lopez@example.com', 3, CURRENT_TIMESTAMP),
('FS032', 'Fake Ruth', 'Ruth', 'Fake Hill', 2, 'Fake South East', 'fake.ruth.hill@example.com', 2, CURRENT_TIMESTAMP),
('FS033', 'Fake Steven', 'Steve', 'Fake Scott', 3, 'Fake South East', 'fake.steve.scott@example.com', 4, CURRENT_TIMESTAMP),
('FS034', 'Fake Sharon', 'Sharon', 'Fake Green', 2, 'Fake South East', 'fake.sharon.green@example.com', 2, CURRENT_TIMESTAMP),
('FS035', 'Fake Edward', 'Ed', 'Fake Adams', 4, 'Fake South East', 'fake.ed.adams@example.com', 5, CURRENT_TIMESTAMP),
('FS036', 'Fake Kimberly', 'Kim', 'Fake Baker', 2, 'Fake South East', 'fake.kim.baker@example.com', 2, CURRENT_TIMESTAMP),
('FS037', 'Fake Brian', 'Brian', 'Fake Gonzalez', 1, 'Fake Wales Central', 'fake.brian.gonzalez@example.com', 3, CURRENT_TIMESTAMP),
('FS038', 'Fake Dorothy', 'Dot', 'Fake Nelson', 2, 'Fake Wales Central', 'fake.dot.nelson@example.com', 2, CURRENT_TIMESTAMP),
('FS039', 'Fake Ronald', 'Ron', 'Fake Carter', 3, 'Fake Wales Central', 'fake.ron.carter@example.com', 4, CURRENT_TIMESTAMP),
('FS040', 'Fake Lisa', 'Liz', 'Fake Mitchell', 2, 'Fake Wales Central', 'fake.liz.mitchell@example.com', 2, CURRENT_TIMESTAMP),
('FS041', 'Fake Timothy', 'Tim', 'Fake Perez', 4, 'Fake Wales Central', 'fake.tim.perez@example.com', 5, CURRENT_TIMESTAMP),
('FS042', 'Fake Laura', 'Laura', 'Fake Roberts', 2, 'Fake Wales Central', 'fake.laura.roberts2@example.com', 2, CURRENT_TIMESTAMP),
('FS043', 'Fake Gary', 'Gary', 'Fake Turner', 1, 'Fake Wales Central', 'fake.gary.turner@example.com', 3, CURRENT_TIMESTAMP),
('FS044', 'Fake Maria', 'Maria', 'Fake Phillips', 2, 'Fake Wales Central', 'fake.maria.phillips@example.com', 2, CURRENT_TIMESTAMP),
('FS045', 'Fake Jason', 'Jason', 'Fake Campbell', 3, 'Fake Wales Central', 'fake.jason.campbell@example.com', 4, CURRENT_TIMESTAMP),
('FS046', 'Fake Betty', 'Betty', 'Fake Parker', 2, 'Fake Wales Central', 'fake.betty.parker@example.com', 2, CURRENT_TIMESTAMP),
('FS047', 'Fake Jeffrey', 'Jeff', 'Fake Evans', 4, 'Fake Wales Central', 'fake.jeff.evans2@example.com', 5, CURRENT_TIMESTAMP),
('FS048', 'Fake Helen', 'Helen', 'Fake Edwards', 2, 'Fake Wales Central', 'fake.helen.edwards@example.com', 2, CURRENT_TIMESTAMP),
('FS049', 'Fake Ryan', 'Ryan', 'Fake Collins', 1, 'Fake Scotland North', 'fake.ryan.collins@example.com', 3, CURRENT_TIMESTAMP),
('FS050', 'Fake Deborah', 'Debbie', 'Fake Stewart', 2, 'Fake Scotland North', 'fake.debbie.stewart@example.com', 2, CURRENT_TIMESTAMP),
('FS051', 'Fake Jacob', 'Jake', 'Fake Sanchez', 3, 'Fake Scotland North', 'fake.jake.sanchez@example.com', 4, CURRENT_TIMESTAMP),
('FS052', 'Fake Rachel', 'Rachel', 'Fake Morris', 2, 'Fake Scotland North', 'fake.rachel.morris@example.com', 2, CURRENT_TIMESTAMP),
('FS053', 'Fake Nicholas', 'Nick', 'Fake Rogers', 4, 'Fake Scotland North', 'fake.nick.rogers@example.com', 5, CURRENT_TIMESTAMP),
('FS054', 'Fake Carolyn', 'Carol', 'Fake Reed', 2, 'Fake Scotland North', 'fake.carol.reed@example.com', 2, CURRENT_TIMESTAMP),
('FS055', 'Fake Jonathan', 'Jon', 'Fake Cook', 1, 'Fake Scotland North', 'fake.jon.cook@example.com', 3, CURRENT_TIMESTAMP),
('FS056', 'Fake Janet', 'Jan', 'Fake Morgan', 2, 'Fake Scotland North', 'fake.jan.morgan@example.com', 2, CURRENT_TIMESTAMP),
('FS057', 'Fake Samuel', 'Sam', 'Fake Bell', 3, 'Fake Scotland North', 'fake.sam.bell@example.com', 4, CURRENT_TIMESTAMP),
('FS058', 'Fake Catherine', 'Cathy', 'Fake Murphy', 2, 'Fake Scotland North', 'fake.cathy.murphy@example.com', 2, CURRENT_TIMESTAMP),
('FS059', 'Fake Benjamin', 'Ben', 'Fake Bailey', 4, 'Fake Scotland North', 'fake.ben.bailey@example.com', 5, CURRENT_TIMESTAMP),
('FS060', 'Fake Frances', 'Fran', 'Fake Rivera', 2, 'Fake Scotland North', 'fake.fran.rivera@example.com', 2, CURRENT_TIMESTAMP);

-- Admin staff data  
INSERT INTO admin_t (staff_no, first_name, pref_first_name, last_name, office, region, email, permission, data_protection_date) VALUES
('AD001', 'Fake Margaret', 'Maggie', 'Fake Cooper', 'Fake Birmingham Office', 'Fake Midlands', 'fake.maggie.cooper@example.com', 4, CURRENT_TIMESTAMP),
('AD002', 'Fake Charles', 'Charlie', 'Fake Richardson', 'Fake Birmingham Office', 'Fake Midlands', 'fake.charlie.richardson@example.com', 3, CURRENT_TIMESTAMP),
('AD003', 'Fake Amy', 'Amy', 'Fake Cox', 'Fake Manchester Office', 'Fake North', 'fake.amy.cox@example.com', 4, CURRENT_TIMESTAMP),
('AD004', 'Fake Frank', 'Frank', 'Fake Howard', 'Fake Manchester Office', 'Fake North', 'fake.frank.howard@example.com', 3, CURRENT_TIMESTAMP),
('AD005', 'Fake Virginia', 'Ginny', 'Fake Ward', 'Fake London Office', 'Fake South East', 'fake.ginny.ward@example.com', 4, CURRENT_TIMESTAMP),
('AD006', 'Fake Peter', 'Pete', 'Fake Torres', 'Fake London Office', 'Fake South East', 'fake.pete.torres@example.com', 3, CURRENT_TIMESTAMP),
('AD007', 'Fake Diane', 'Di', 'Fake Peterson', 'Fake Cardiff Office', 'Fake Wales Central', 'fake.di.peterson@example.com', 4, CURRENT_TIMESTAMP),
('AD008', 'Fake Gregory', 'Greg', 'Fake Gray', 'Fake Cardiff Office', 'Fake Wales Central', 'fake.greg.gray@example.com', 3, CURRENT_TIMESTAMP),
('AD009', 'Fake Julie', 'Jules', 'Fake Ramirez', 'Fake Edinburgh Office', 'Fake Scotland North', 'fake.jules.ramirez@example.com', 4, CURRENT_TIMESTAMP),
('AD010', 'Fake Harold', 'Harry', 'Fake James', 'Fake Edinburgh Office', 'Fake Scotland North', 'fake.harry.james@example.com', 3, CURRENT_TIMESTAMP);

-- County Parish staff assignments
INSERT INTO county_parish_part_list_t (part_id, staff_no) VALUES
(1, 'FS001'), (1, 'FS002'), (1, 'FS003'),
(2, 'FS007'), (2, 'FS008'), (2, 'FS009'),
(3, 'FS013'), (3, 'FS014'), (3, 'FS015'),
(4, 'FS019'), (4, 'FS020'), (4, 'FS021'),
(5, 'FS025'), (5, 'FS026'), (5, 'FS027'),
(6, 'FS031'), (6, 'FS032'), (6, 'FS033'),
(7, 'FS037'), (7, 'FS038'), (7, 'FS039'),
(8, 'FS043'), (8, 'FS044'), (8, 'FS045'),
(9, 'FS049'), (9, 'FS050'), (9, 'FS051'),
(10, 'FS055'), (10, 'FS056'), (10, 'FS057');

-- County Parish multi AHO assignments
INSERT INTO county_parish_multi_ahot (county_parish, aho_staff_no) VALUES
('01001', 'FS003'), ('01002', 'FS003'), ('01003', 'FS009'),
('02001', 'FS009'), ('02002', 'FS015'),
('03001', 'FS015'), ('03002', 'FS021'),
('04001', 'FS021'), ('04002', 'FS027'),
('05001', 'FS027'), ('05002', 'FS033'),
('06001', 'FS033'), ('06002', 'FS039'),
('09001', 'FS039'), ('09002', 'FS045'),
('10001', 'FS045'), ('10002', 'FS051'),
('11001', 'FS051'), ('11002', 'FS057'),
('12001', 'FS057'), ('12002', 'FS003');

-- EPI field assignments
INSERT INTO epi_field_t (county, region, epi_vo) VALUES
('Fake Warwickshire', 'Fake Midlands', 'FS001'),
('Fake Staffordshire', 'Fake Midlands', 'FS007'),
('Fake Greater Manchester', 'Fake North', 'FS013'),
('Fake Yorkshire', 'Fake North', 'FS019'),
('Fake Kent', 'Fake South East', 'FS025'),
('Fake Surrey', 'Fake South East', 'FS031'),
('Fake Powys', 'Fake Wales Central', 'FS037'),
('Fake Gwynedd', 'Fake Wales Central', 'FS043'),
('Fake Highland', 'Fake Scotland North', 'FS049'),
('Fake Dumfries & Galloway', 'Fake Scotland North', 'FS055');

-- Data protection records
INSERT INTO data_protection_record_t (staff_no, date_acknowledged) VALUES
('FS001', CURRENT_TIMESTAMP - INTERVAL '30 days'),
('FS002', CURRENT_TIMESTAMP - INTERVAL '25 days'),
('FS003', CURRENT_TIMESTAMP - INTERVAL '20 days'),
('AD001', CURRENT_TIMESTAMP - INTERVAL '35 days'),
('AD002', CURRENT_TIMESTAMP - INTERVAL '30 days'),
('AD003', CURRENT_TIMESTAMP - INTERVAL '25 days');

-- Environment current
INSERT INTO environment_current_t (env_path_id) VALUES (1);
